imdb_code,title,rating,release_year,cast,cast_names,cast_roles,Plot Summary
0407954,Lost/Found,6.2,2003,"[('Justin Marxen', <Character id:None[http] name:_Keith Johnson_>), ('Ken Lue', <Character id:None[http] name:_Paul Pierce_>), ('Christina Lundt', <Character id:None[http] name:_Jennifer_>), ('Greg Bouljon', <Character id:None[http] name:_Bill Harris_>), ('Travis Shepherd', <Character id:None[http] name:_Jordan McDaniels_>), ('Tristan Layne Tapscott', <Character id:None[http] name:_Man in White_>), ('Marianne Bourg', <Character id:None[http] name:_Dana Harris_>), ('Matt Webb', <Character id:None[http] name:_Greg_>), ('Danae Reyman', <Character id:None[http] name:_Sarah_>), ('Ian Klink', <Character id:None[http] name:_Cale_>), ('Susan McPeters', <Character id:None[http] name:_Jennifer's mother_>), ('Chuck Klink', <Character id:None[http] name:_Pastor_>), ('Joseph C. Mitchell', <Character id:None[http] name:_Jordan's father_>), ('Tanner Thom', <Character id:None[http] name:_Young Keith_>), ('Andrew Proctor', <Character id:None[http] name:_Young Jordan_>), ('Mia Rose Kavensky', <Character id:None[http] name:_Taylor Harris_>), ('Ryan Nelson', <Character id:None[http] name:_Jordan's friend_>), ('Nicole Hill', <Character id:None[http] name:_Paul's girlfriend_>)]","['Justin Marxen', 'Ken Lue', 'Christina Lundt', 'Greg Bouljon', 'Travis Shepherd', 'Tristan Layne Tapscott', 'Marianne Bourg', 'Matt Webb', 'Danae Reyman', 'Ian Klink', 'Susan McPeters', 'Chuck Klink', 'Joseph C. Mitchell', 'Tanner Thom', 'Andrew Proctor', 'Mia Rose Kavensky', 'Ryan Nelson', 'Nicole Hill']","[<Character id:None[http] name:_Keith Johnson_>, <Character id:None[http] name:_Paul Pierce_>, <Character id:None[http] name:_Jennifer_>, <Character id:None[http] name:_Bill Harris_>, <Character id:None[http] name:_Jordan McDaniels_>, <Character id:None[http] name:_Man in White_>, <Character id:None[http] name:_Dana Harris_>, <Character id:None[http] name:_Greg_>, <Character id:None[http] name:_Sarah_>, <Character id:None[http] name:_Cale_>, <Character id:None[http] name:_Jennifer's mother_>, <Character id:None[http] name:_Pastor_>, <Character id:None[http] name:_Jordan's father_>, <Character id:None[http] name:_Young Keith_>, <Character id:None[http] name:_Young Jordan_>, <Character id:None[http] name:_Taylor Harris_>, <Character id:None[http] name:_Jordan's friend_>, <Character id:None[http] name:_Paul's girlfriend_>]","Given the limited information and the fact that ""Lost/Found"" is likely just an episode title within ""The Acolyte,"" a detailed plot summary is impossible without more context. However, based on typical Star Wars themes and the general premise of The Acolyte (a mystery thriller set in the High Republic era), we can extrapolate a likely plot:

**Likely Plot Summary for ""Lost/Found"" in The Acolyte:**

The episode likely revolves around one of the core mysteries of the season, likely involving the Jedi Order and the encroaching darkness. ""Lost"" could refer to a missing person, artifact, or vital piece of information that the Jedi or the main characters are searching for. ""Found"" likely hints at the discovery of something important – potentially a clue, a connection, or even a person - that sheds light on the overarching conspiracy. The episode will probably further develop the relationship between the central characters, potentially revealing more about their pasts or their motivations in the context of this unfolding mystery. Expect action, intrigue, and possibly the introduction of new characters or locations that deepen the scope of the narrative.
"
15387022,Revenge/Justice,5.1,2024,"[('Amandla Stenberg', [<Character id:[http] name:_Osha Aniseya_>, <Character id:None[http] name:_Mae Aniseya_>]), ('Lee Jung-jae', <Character id:None[http] name:_Master Sol_>), ('Charlie Barnett', <Character id:None[http] name:_Yord Fandar_>), ('Dafne Keen', <Character id:None[http] name:_Jecki Lon_>), ('Manny Jacinto', <Character id:None[http] name:_Qimir_>), ('Rebecca Henderson', <Character id:None[http] name:_Vernestra Rwoh_>), ('Dean-Charles Chapman', <Character id:None[http] name:_Master Torbin_>), ('Joonas Suotamo', <Character id:None[http] name:_Master Kelnacca_>), ('Archie Singh Swali', <Character id:None[http] name:_Olega Urchin_>), ('Nick Court', <Character id:None[http] name:_Olega Master_>), ('Ed Kear', <Character id:None[http] name:_Olega Padawan_>), ('Leah Brady', <Character id:None[http] name:_Little Mae_>), ('Jumayn Hunter', <Character id:None[http] name:_Scavenger_>), ('Scroobius Pip', <Character id:None[http] name:_Scavenger_>)]","['Amandla Stenberg', 'Lee Jung-jae', 'Charlie Barnett', 'Dafne Keen', 'Manny Jacinto', 'Rebecca Henderson', 'Dean-Charles Chapman', 'Joonas Suotamo', 'Archie Singh Swali', 'Nick Court', 'Ed Kear', 'Leah Brady', 'Jumayn Hunter', 'Scroobius Pip']","[[<Character id:[http] name:_Osha Aniseya_>, <Character id:None[http] name:_Mae Aniseya_>], <Character id:None[http] name:_Master Sol_>, <Character id:None[http] name:_Yord Fandar_>, <Character id:None[http] name:_Jecki Lon_>, <Character id:None[http] name:_Qimir_>, <Character id:None[http] name:_Vernestra Rwoh_>, <Character id:None[http] name:_Master Torbin_>, <Character id:None[http] name:_Master Kelnacca_>, <Character id:None[http] name:_Olega Urchin_>, <Character id:None[http] name:_Olega Master_>, <Character id:None[http] name:_Olega Padawan_>, <Character id:None[http] name:_Little Mae_>, <Character id:None[http] name:_Scavenger_>, <Character id:None[http] name:_Scavenger_>]","Since ""Revenge/Justice"" is an episode of ""The Acolyte,"" the plot will be contained within the larger narrative of the series. Given that I don't have access to the internet, I can't look up specific episode details. However, based on the show's premise and potential themes, I can give a *generalized* potential plot summary for an episode titled ""Revenge/Justice"":

**Possible Plot Summary for ""Revenge/Justice"":**

The episode likely explores the motivations and consequences of seeking revenge within the context of a Jedi Order investigation into a series of Jedi murders. Perhaps a key suspect is revealed, and the investigation focuses on their past grievances against the Jedi. Mae, the alleged assassin, may be shown pursuing a specific target for personal revenge, while her former Jedi Master, Sol, grapples with the moral implications of his past actions and the potential for justice to be corrupted by personal desires. The episode might delve into the philosophical difference between justice and revenge, highlighting the dangers of vigilantism and the importance of due process within the Jedi Order.
"
1462764,Indiana Jones and the Dial of Destiny,6.5,2023,"[('Harrison Ford', <Character id:None[http] name:_Indiana Jones_>), ('Phoebe Waller-Bridge', <Character id:None[http] name:_Helena_>), ('Antonio Banderas', <Character id:None[http] name:_Renaldo_>), ('Karen Allen', <Character id:None[http] name:_Marion_>), ('John Rhys-Davies', <Character id:None[http] name:_Sallah_>), ('Shaunette Renée Wilson', <Character id:None[http] name:_Mason_>), ('Thomas Kretschmann', <Character id:None[http] name:_Colonel Weber_>), ('Toby Jones', <Character id:None[http] name:_Basil Shaw_>), ('Boyd Holbrook', <Character id:None[http] name:_Klaber_>), ('Olivier Richters', <Character id:None[http] name:_Hauke_>), ('Ethann Isidore', <Character id:None[http] name:_Teddy_>), ('Mads Mikkelsen', <Character id:None[http] name:_Dr. Voller_>), ('Martin McDougall', <Character id:None[http] name:_Durkin_>), ('Alaa Safi', <Character id:None[http] name:_Rahim_>), ('Francis Chapman', <Character id:None[http] name:_Young SS Officer_>), ('Alfonso Mandia', <Character id:None[http] name:_Italian Ticket Seller_>), ('Chase Brown', <Character id:None[http] name:_Larry - Beat Poet Guy_>), ('Nasser Memarzia', <Character id:None[http] name:_Archimedes_>), ('Amedeo Bianchimano', <Character id:None[http] name:_Milanese Suit Man_>), ('Anna Francolini', <Character id:None[http] name:_Mandy_>), ('Gabby Wong', <Character id:None[http] name:_Chinese Hat Bidder_>), ('Adolfo Margiotta', <Character id:None[http] name:_Hector - Salty Diver_>), ('Niccolo Cancellieri', <Character id:None[http] name:_Sirene Deck Hand_>), ('Antonio Iorio', <Character id:None[http] name:_Popeye - Lead Scuba Diver_>), ('Manuel Klein', <Character id:None[http] name:_SS Stormtrooper_>), ('Holly Lawton', <Character id:None[http] name:_Young Helena_>), ('Guy Paul', <Character id:None[http] name:_Prof. Plimpton_>), ('Harriet Slater', <Character id:None[http] name:_Fran_>), ('Alton Fitzgerald White', <Character id:None[http] name:_Hotel Porter_>), ('Ian Porter', <Character id:None[http] name:_Bob - Bartender_>), ('Daniel Anderson', <Character id:None[http] name:_Kommando Commander_>), ('Cory Peterson', <Character id:None[http] name:_Gov. PR Man_>), ('Charles Hagerty', <Character id:None[http] name:_Reporter - St. Regis_>), ('Ali Saleh', <Character id:None[http] name:_Jabari - Sallah's Grandson_>), ('Amara Khan', <Character id:None[http] name:_Alia - Sallah's Granddaughter_>), ('Jill Winternitz', <Character id:None[http] name:_Pan Am Stewardess_>), ('Billy Postlethwaite', <Character id:None[http] name:_Prof. Donner_>), ('Clara Greco', <Character id:None[http] name:_Italian Tour Guide_>), ('Arthur Sylense', <Character id:None[http] name:_Mounted Cop_>), ('Nicholas Bendall', <Character id:None[http] name:_Filthy Guitar Guy_>), ('Thulani Storm', <Character id:None[http] name:_Filthy Guitar Guy_>), ('Edoardo Strano', <Character id:None[http] name:_Archimedes Servant_>), ('Angelo Spagnoletti', <Character id:None[http] name:_Archimedes Servant_>), ('Hichame Ouraqa', <Character id:None[http] name:_Moroccan Policeman_>), ('Adil Louchgui', <Character id:None[http] name:_Moroccan Policeman_>), ('David Mills', <Character id:None[http] name:_TV Reporter_>), ('Rhyanna Alexander-Davis', <Character id:None[http] name:_Hippie Girl_>), ('Gary Fannin', <Character id:None[http] name:_Armed Intelligence Officer_>), ('Gunnar Cauthery', <Character id:None[http] name:_Pilot - Heinkel 111_>), ('Aron von Andrian', <Character id:None[http] name:_Navigator - Heinkel 111_>), ('Nikola Trifunovic', <Character id:None[http] name:_SS Kommando_>), ('Henry Garrett', <Character id:None[http] name:_Louis - Drunk Airline Pilot_>), ('Elena Saurel', <Character id:None[http] name:_Drunk Airline Stewardess_>), ('Christian Sacha Mehja-Stokes', <Character id:None[http] name:_Rich Kid_>), ('Angus Yellowlees', <Character id:None[http] name:_Hippie Student_>), ('Matthew Staite', [<Character id:[http] name:_SS Guard_>, <Character id:None[http] name:_Comms Officer_>]), ('Corrado Invernizzi', <Character id:None[http] name:_Luigi - Italian Engineer_>), ('Joerg Stadler', <Character id:None[http] name:_Gestapo Officer_>), ('Thorston Manderlay', <Character id:None[http] name:_Staff Car Officer_>), ('Basil Eidenbenz', <Character id:None[http] name:_Sentry_>), ('Johann Heske', <Character id:None[http] name:_Sentry_>), ('Joshua Broadstone', <Character id:None[http] name:_Overalls_>), ('Bruce Lester-Johnson', <Character id:None[http] name:_Screaming Cabbie_>), ('Martin T. Sherman', <Character id:None[http] name:_Drunk - Appliance Store_>), ('Allon Sylvain', <Character id:None[http] name:_L'Atlantique Maître D_>), ('William Meredith', <Character id:None[http] name:_Con Ed Van Driver_>), ('Kate Doherty', <Character id:None[http] name:_Basil's Housekeeper_>), ('Duran Fulton Brown', <Character id:None[http] name:_Barricade Cop_>), ('Eliza Mae Kyffin', <Character id:None[http] name:_Screaming Beauty Queen_>), ('Anthony Ingruber', <Character id:None[http] name:_Dutch Prince - Bidder_>), ('Mauro Cardinali', <Character id:None[http] name:_Maximus_>), ('Mark Killeen', <Character id:None[http] name:_Pontimus_>), ('Bharati Doshi', <Character id:None[http] name:_Miss Jaffrey_>), ('Aïssam Bouali', <Character id:None[http] name:_Henchman_>), ('Douglas Robson', <Character id:None[http] name:_Gunther_>), ('Mohammed Kamel', <Character id:None[http] name:_Hotel Security_>), ('Bryony Miller', <Character id:None[http] name:_Confused Student_>), ('Tiwa Lade', <Character id:None[http] name:_Bubblegum Student_>), ('Brodie Husband', <Character id:None[http] name:_Sketching Student_>), ('Hannah Onslow', <Character id:None[http] name:_Student_>), ('Valéry Alteresco', <Character id:None[http] name:_Student_>), ('Elizabeth Ansari', <Character id:None[http] name:_Street Parade Goer_>), ('Cameron Ashplant', <Character id:None[http] name:_SS Soldier_>), ('Martin Ballantyne', <Character id:None[http] name:_Officeworker_>), ('Matthew Barr', <Character id:None[http] name:_Cop_>), ('Callum Bowyer', <Character id:None[http] name:_Student_>), ('Jonathan Cass', <Character id:None[http] name:_SS Kommando Officer_>), ('Lily Catalifo', <Character id:None[http] name:_Sparkly Lady_>), ('Alex Cavanna', <Character id:None[http] name:_SS Soldier_>), ('Nathan Laudrup Craig', <Character id:None[http] name:_Reporter_>), ('Nick Davison', <Character id:None[http] name:_NY Subway Passenger_>), ('Mike Dickman', <Character id:None[http] name:_Protestor_>), ('Hayden Ellingworth', <Character id:None[http] name:_Protestor_>), ('Stephane Fichet', <Character id:None[http] name:_New York Passenger_>), ('Craig Fox', <Character id:None[http] name:_Student_>), ('Cassius Hackforth', <Character id:None[http] name:_Student_>), ('Cris Haris', <Character id:None[http] name:_Marco_>), ('Simon Hodgson', <Character id:None[http] name:_SS Soldier_>), ('Imogen Inman', <Character id:None[http] name:_Child_>), ('Liam Jarvis', <Character id:None[http] name:_SS Officer_>), ('Rachel Kwok', <Character id:None[http] name:_Student_>), ('Darryl Lane', <Character id:None[http] name:_NYC Sailor_>), ('Alex Madden', <Character id:None[http] name:_SS Soldier_>), ('Kenny-Lee Mbanefo', <Character id:None[http] name:_Hotel Guest_>), ('Andy M Milligan', <Character id:None[http] name:_SS Nazi_>), ('Christophe Monplaisir', <Character id:None[http] name:_Apollo Parade reporter_>), ('Clément Osty', <Character id:None[http] name:_Roman Soldier_>), ('Michael Otteson', <Character id:None[http] name:_SS Soldier_>), ('Glen Passingham', <Character id:None[http] name:_SS Soldier_>), ('Christian Peterson', <Character id:None[http] name:_Nazi Sentry_>), ('Daniel Rosenberg', <Character id:None[http] name:_Moroccan Hotel Guest_>), ('Linus Scheithauer', <Character id:None[http] name:_Nazi Clerk_>), ('Atul Sharma', <Character id:None[http] name:_Moroccan_>), ('Sam Sharma', <Character id:None[http] name:_Bidder_>), ('Joakim Skarli', <Character id:None[http] name:_SS Nazi_>), ('Thomas Spiteri', <Character id:None[http] name:_Mechanical Engineer_>), ('A.k. Steppa', <Character id:None[http] name:_Moroccan_>), ('David Stokes', <Character id:None[http] name:_Hotel Guest_>), ('John Lee Taggart', <Character id:None[http] name:_SS Commander_>), ('Brian Trainor', <Character id:None[http] name:_Reporter_>), ('Miranda Twumasi', <Character id:None[http] name:_Hotel Guest_>)]","['Harrison Ford', 'Phoebe Waller-Bridge', 'Antonio Banderas', 'Karen Allen', 'John Rhys-Davies', 'Shaunette Renée Wilson', 'Thomas Kretschmann', 'Toby Jones', 'Boyd Holbrook', 'Olivier Richters', 'Ethann Isidore', 'Mads Mikkelsen', 'Martin McDougall', 'Alaa Safi', 'Francis Chapman', 'Alfonso Mandia', 'Chase Brown', 'Nasser Memarzia', 'Amedeo Bianchimano', 'Anna Francolini', 'Gabby Wong', 'Adolfo Margiotta', 'Niccolo Cancellieri', 'Antonio Iorio', 'Manuel Klein', 'Holly Lawton', 'Guy Paul', 'Harriet Slater', 'Alton Fitzgerald White', 'Ian Porter', 'Daniel Anderson', 'Cory Peterson', 'Charles Hagerty', 'Ali Saleh', 'Amara Khan', 'Jill Winternitz', 'Billy Postlethwaite', 'Clara Greco', 'Arthur Sylense', 'Nicholas Bendall', 'Thulani Storm', 'Edoardo Strano', 'Angelo Spagnoletti', 'Hichame Ouraqa', 'Adil Louchgui', 'David Mills', 'Rhyanna Alexander-Davis', 'Gary Fannin', 'Gunnar Cauthery', 'Aron von Andrian', 'Nikola Trifunovic', 'Henry Garrett', 'Elena Saurel', 'Christian Sacha Mehja-Stokes', 'Angus Yellowlees', 'Matthew Staite', 'Corrado Invernizzi', 'Joerg Stadler', 'Thorston Manderlay', 'Basil Eidenbenz', 'Johann Heske', 'Joshua Broadstone', 'Bruce Lester-Johnson', 'Martin T. Sherman', 'Allon Sylvain', 'William Meredith', 'Kate Doherty', 'Duran Fulton Brown', 'Eliza Mae Kyffin', 'Anthony Ingruber', 'Mauro Cardinali', 'Mark Killeen', 'Bharati Doshi', 'Aïssam Bouali', 'Douglas Robson', 'Mohammed Kamel', 'Bryony Miller', 'Tiwa Lade', 'Brodie Husband', 'Hannah Onslow', 'Valéry Alteresco', 'Elizabeth Ansari', 'Cameron Ashplant', 'Martin Ballantyne', 'Matthew Barr', 'Callum Bowyer', 'Jonathan Cass', 'Lily Catalifo', 'Alex Cavanna', 'Nathan Laudrup Craig', 'Nick Davison', 'Mike Dickman', 'Hayden Ellingworth', 'Stephane Fichet', 'Craig Fox', 'Cassius Hackforth', 'Cris Haris', 'Simon Hodgson', 'Imogen Inman', 'Liam Jarvis', 'Rachel Kwok', 'Darryl Lane', 'Alex Madden', 'Kenny-Lee Mbanefo', 'Andy M Milligan', 'Christophe Monplaisir', 'Clément Osty', 'Michael Otteson', 'Glen Passingham', 'Christian Peterson', 'Daniel Rosenberg', 'Linus Scheithauer', 'Atul Sharma', 'Sam Sharma', 'Joakim Skarli', 'Thomas Spiteri', 'A.k. Steppa', 'David Stokes', 'John Lee Taggart', 'Brian Trainor', 'Miranda Twumasi']","[<Character id:None[http] name:_Indiana Jones_>, <Character id:None[http] name:_Helena_>, <Character id:None[http] name:_Renaldo_>, <Character id:None[http] name:_Marion_>, <Character id:None[http] name:_Sallah_>, <Character id:None[http] name:_Mason_>, <Character id:None[http] name:_Colonel Weber_>, <Character id:None[http] name:_Basil Shaw_>, <Character id:None[http] name:_Klaber_>, <Character id:None[http] name:_Hauke_>, <Character id:None[http] name:_Teddy_>, <Character id:None[http] name:_Dr. Voller_>, <Character id:None[http] name:_Durkin_>, <Character id:None[http] name:_Rahim_>, <Character id:None[http] name:_Young SS Officer_>, <Character id:None[http] name:_Italian Ticket Seller_>, <Character id:None[http] name:_Larry - Beat Poet Guy_>, <Character id:None[http] name:_Archimedes_>, <Character id:None[http] name:_Milanese Suit Man_>, <Character id:None[http] name:_Mandy_>, <Character id:None[http] name:_Chinese Hat Bidder_>, <Character id:None[http] name:_Hector - Salty Diver_>, <Character id:None[http] name:_Sirene Deck Hand_>, <Character id:None[http] name:_Popeye - Lead Scuba Diver_>, <Character id:None[http] name:_SS Stormtrooper_>, <Character id:None[http] name:_Young Helena_>, <Character id:None[http] name:_Prof. Plimpton_>, <Character id:None[http] name:_Fran_>, <Character id:None[http] name:_Hotel Porter_>, <Character id:None[http] name:_Bob - Bartender_>, <Character id:None[http] name:_Kommando Commander_>, <Character id:None[http] name:_Gov. PR Man_>, <Character id:None[http] name:_Reporter - St. Regis_>, <Character id:None[http] name:_Jabari - Sallah's Grandson_>, <Character id:None[http] name:_Alia - Sallah's Granddaughter_>, <Character id:None[http] name:_Pan Am Stewardess_>, <Character id:None[http] name:_Prof. Donner_>, <Character id:None[http] name:_Italian Tour Guide_>, <Character id:None[http] name:_Mounted Cop_>, <Character id:None[http] name:_Filthy Guitar Guy_>, <Character id:None[http] name:_Filthy Guitar Guy_>, <Character id:None[http] name:_Archimedes Servant_>, <Character id:None[http] name:_Archimedes Servant_>, <Character id:None[http] name:_Moroccan Policeman_>, <Character id:None[http] name:_Moroccan Policeman_>, <Character id:None[http] name:_TV Reporter_>, <Character id:None[http] name:_Hippie Girl_>, <Character id:None[http] name:_Armed Intelligence Officer_>, <Character id:None[http] name:_Pilot - Heinkel 111_>, <Character id:None[http] name:_Navigator - Heinkel 111_>, <Character id:None[http] name:_SS Kommando_>, <Character id:None[http] name:_Louis - Drunk Airline Pilot_>, <Character id:None[http] name:_Drunk Airline Stewardess_>, <Character id:None[http] name:_Rich Kid_>, <Character id:None[http] name:_Hippie Student_>, [<Character id:[http] name:_SS Guard_>, <Character id:None[http] name:_Comms Officer_>], <Character id:None[http] name:_Luigi - Italian Engineer_>, <Character id:None[http] name:_Gestapo Officer_>, <Character id:None[http] name:_Staff Car Officer_>, <Character id:None[http] name:_Sentry_>, <Character id:None[http] name:_Sentry_>, <Character id:None[http] name:_Overalls_>, <Character id:None[http] name:_Screaming Cabbie_>, <Character id:None[http] name:_Drunk - Appliance Store_>, <Character id:None[http] name:_L'Atlantique Maître D_>, <Character id:None[http] name:_Con Ed Van Driver_>, <Character id:None[http] name:_Basil's Housekeeper_>, <Character id:None[http] name:_Barricade Cop_>, <Character id:None[http] name:_Screaming Beauty Queen_>, <Character id:None[http] name:_Dutch Prince - Bidder_>, <Character id:None[http] name:_Maximus_>, <Character id:None[http] name:_Pontimus_>, <Character id:None[http] name:_Miss Jaffrey_>, <Character id:None[http] name:_Henchman_>, <Character id:None[http] name:_Gunther_>, <Character id:None[http] name:_Hotel Security_>, <Character id:None[http] name:_Confused Student_>, <Character id:None[http] name:_Bubblegum Student_>, <Character id:None[http] name:_Sketching Student_>, <Character id:None[http] name:_Student_>, <Character id:None[http] name:_Student_>, <Character id:None[http] name:_Street Parade Goer_>, <Character id:None[http] name:_SS Soldier_>, <Character id:None[http] name:_Officeworker_>, <Character id:None[http] name:_Cop_>, <Character id:None[http] name:_Student_>, <Character id:None[http] name:_SS Kommando Officer_>, <Character id:None[http] name:_Sparkly Lady_>, <Character id:None[http] name:_SS Soldier_>, <Character id:None[http] name:_Reporter_>, <Character id:None[http] name:_NY Subway Passenger_>, <Character id:None[http] name:_Protestor_>, <Character id:None[http] name:_Protestor_>, <Character id:None[http] name:_New York Passenger_>, <Character id:None[http] name:_Student_>, <Character id:None[http] name:_Student_>, <Character id:None[http] name:_Marco_>, <Character id:None[http] name:_SS Soldier_>, <Character id:None[http] name:_Child_>, <Character id:None[http] name:_SS Officer_>, <Character id:None[http] name:_Student_>, <Character id:None[http] name:_NYC Sailor_>, <Character id:None[http] name:_SS Soldier_>, <Character id:None[http] name:_Hotel Guest_>, <Character id:None[http] name:_SS Nazi_>, <Character id:None[http] name:_Apollo Parade reporter_>, <Character id:None[http] name:_Roman Soldier_>, <Character id:None[http] name:_SS Soldier_>, <Character id:None[http] name:_SS Soldier_>, <Character id:None[http] name:_Nazi Sentry_>, <Character id:None[http] name:_Moroccan Hotel Guest_>, <Character id:None[http] name:_Nazi Clerk_>, <Character id:None[http] name:_Moroccan_>, <Character id:None[http] name:_Bidder_>, <Character id:None[http] name:_SS Nazi_>, <Character id:None[http] name:_Mechanical Engineer_>, <Character id:None[http] name:_Moroccan_>, <Character id:None[http] name:_Hotel Guest_>, <Character id:None[http] name:_SS Commander_>, <Character id:None[http] name:_Reporter_>, <Character id:None[http] name:_Hotel Guest_>]","Okay, here are brief plot summaries for *Indiana Jones and the Dial of Destiny* and *The Acolyte*:

**Indiana Jones and the Dial of Destiny (IMDb ID: 1462764)**

In 1969, a weary and disillusioned Indiana Jones is dragged into one last adventure by his estranged goddaughter, Helena Shaw. They must race against former Nazis, led by the brilliant but ruthless Jürgen Voller, to find the Antikythera mechanism, a legendary dial created by Archimedes. This dial is rumored to possess the power to locate fissures in time, and Voller seeks to use it to rewrite history and restore the Third Reich. Indy and Helena embark on a globe-trotting quest filled with perilous traps, daring escapes, and a confrontation with the dial's potentially dangerous power.

**The Acolyte**

Set during the High Republic era, a period of relative peace and prosperity for the Jedi Order, *The Acolyte* follows a respected Jedi Master who is investigating a shocking crime spree. As he delves deeper into the mysteries, he uncovers a web of dark secrets and confronts a dangerous warrior from his past. The investigation leads them down a dark path where sinister forces reveal that not all is as it seems, and the emergence of the Dark Side threatens the established harmony of the Republic.
"
23872886,Zero Day,7.0,2025,"[('Robert De Niro', <Character id:None[http] name:_George Mullen_>), ('Jesse Plemons', <Character id:None[http] name:_Roger Carlson_>), ('Lizzy Caplan', <Character id:None[http] name:_Alexandra Mullen_>), ('Connie Britton', <Character id:None[http] name:_Valerie Whitesell_>), ('Joan Allen', <Character id:None[http] name:_Sheila Mullen_>), ('Matthew Modine', <Character id:None[http] name:_Richard Dreyer_>), ('Angela Bassett', <Character id:None[http] name:_President Evelyn Mitchell_>), ('Bill Camp', <Character id:None[http] name:_CIA Director Lasch_>), ('Dan Stevens', <Character id:None[http] name:_Evan Green_>), ('McKinley Belcher III', <Character id:None[http] name:_Carl Otieno_>), ('Mozhan Navabi', <Character id:None[http] name:_Melissa Kornblau_>), ('Jay Klaitz', <Character id:None[http] name:_Tim Pennington_>), ('Cuyle Carvin', <Character id:None[http] name:_Agent Tom McCarthy_>), ('TJ Lee', <Character id:None[http] name:_Doris_>), ('Johnath Davis', <Character id:None[http] name:_White House Aide_>), ('Eden Lee', <Character id:None[http] name:_Angela Kim_>), ('Mike McGowan', <Character id:None[http] name:_Field Ops Commander_>), ('Alexis Cash', <Character id:None[http] name:_Mullen's Aide - Allison_>), ('Erick McAllister', <Character id:None[http] name:_Bald Man_>), ('Siobhan Darrow', [<Character id:[http] name:_Blue Network Anchor_>, <Character id:None[http] name:_..._>]), ('Andre Da Silva', <Character id:None[http] name:_Motorcade Driver_>), ('Gaby Hoffmann', <Character id:None[http] name:_Monica Kidder_>), ('Mark Ivanir', <Character id:None[http] name:_Natan_>), ('Wolf Blitzer', <Character id:None[http] name:_Celebrity Anchor #1_>), ('Jackson Eick', <Character id:None[http] name:_Nick Mullen_>), ('Nicolle Wallace', <Character id:None[http] name:_Celebrity Anchor #2_>), ('Savannah Guthrie', <Character id:None[http] name:_Celebrity Anchor #3_>), ('Ryan Spahn', <Character id:None[http] name:_Leon_>), ('Ignacio Diaz-Silverio', <Character id:None[http] name:_Cesar Rocha_>), ('Derrick J. Smith', [<Character id:[http] name:_Young Man - Wayne_>, <Character id:None[http] name:_..._>]), ('Will Vought', <Character id:None[http] name:_TV Analyst #1_>), ('Don Clark Williams', <Character id:None[http] name:_Red Network Anchor_>), ('Tom Day', <Character id:None[http] name:_Blue Network Anchor #2_>), ('Nick Denning', <Character id:None[http] name:_Secret Service In Helicopter_>), ('Renee Ternier', <Character id:None[http] name:_Capitol Correspondent #1_>), ('Rachel Kopczyk', <Character id:None[http] name:_Capitol Correspondent #2_>), ('Clark Gregg', <Character id:None[http] name:_Robert Lyndon_>), ('Fredric Lehne', <Character id:None[http] name:_Schreier_>), ('Nikita Bogolyubov', <Character id:None[http] name:_Alexi Lebedev_>), ('Jorge Luna', <Character id:None[http] name:_General Tom Myles_>), ('Varak Baronian', <Character id:None[http] name:_Uri_>), ('Charlotte Ewing', <Character id:None[http] name:_Lily Whitesell_>), ('Rodrigo Torrejon', <Character id:None[http] name:_Commission Aide_>), ('Lia Lando', <Character id:None[http] name:_Cityview Anchor_>), ('Turner Riley', <Character id:None[http] name:_Ops Analyst_>), ('Merritt Janson', <Character id:None[http] name:_Aubrey_>), ('Ashley Bellman', <Character id:None[http] name:_Capitol Reporter #1_>), ('James Yaegashi', <Character id:None[http] name:_Red Rooster_>), ('Dante Jeanfelix', <Character id:None[http] name:_Capitol Reporter #2_>), ('Walker Hare', <Character id:None[http] name:_Journalist #1_>)]","['Robert De Niro', 'Jesse Plemons', 'Lizzy Caplan', 'Connie Britton', 'Joan Allen', 'Matthew Modine', 'Angela Bassett', 'Bill Camp', 'Dan Stevens', 'McKinley Belcher III', 'Mozhan Navabi', 'Jay Klaitz', 'Cuyle Carvin', 'TJ Lee', 'Johnath Davis', 'Eden Lee', 'Mike McGowan', 'Alexis Cash', 'Erick McAllister', 'Siobhan Darrow', 'Andre Da Silva', 'Gaby Hoffmann', 'Mark Ivanir', 'Wolf Blitzer', 'Jackson Eick', 'Nicolle Wallace', 'Savannah Guthrie', 'Ryan Spahn', 'Ignacio Diaz-Silverio', 'Derrick J. Smith', 'Will Vought', 'Don Clark Williams', 'Tom Day', 'Nick Denning', 'Renee Ternier', 'Rachel Kopczyk', 'Clark Gregg', 'Fredric Lehne', 'Nikita Bogolyubov', 'Jorge Luna', 'Varak Baronian', 'Charlotte Ewing', 'Rodrigo Torrejon', 'Lia Lando', 'Turner Riley', 'Merritt Janson', 'Ashley Bellman', 'James Yaegashi', 'Dante Jeanfelix', 'Walker Hare']","[<Character id:None[http] name:_George Mullen_>, <Character id:None[http] name:_Roger Carlson_>, <Character id:None[http] name:_Alexandra Mullen_>, <Character id:None[http] name:_Valerie Whitesell_>, <Character id:None[http] name:_Sheila Mullen_>, <Character id:None[http] name:_Richard Dreyer_>, <Character id:None[http] name:_President Evelyn Mitchell_>, <Character id:None[http] name:_CIA Director Lasch_>, <Character id:None[http] name:_Evan Green_>, <Character id:None[http] name:_Carl Otieno_>, <Character id:None[http] name:_Melissa Kornblau_>, <Character id:None[http] name:_Tim Pennington_>, <Character id:None[http] name:_Agent Tom McCarthy_>, <Character id:None[http] name:_Doris_>, <Character id:None[http] name:_White House Aide_>, <Character id:None[http] name:_Angela Kim_>, <Character id:None[http] name:_Field Ops Commander_>, <Character id:None[http] name:_Mullen's Aide - Allison_>, <Character id:None[http] name:_Bald Man_>, [<Character id:[http] name:_Blue Network Anchor_>, <Character id:None[http] name:_..._>], <Character id:None[http] name:_Motorcade Driver_>, <Character id:None[http] name:_Monica Kidder_>, <Character id:None[http] name:_Natan_>, <Character id:None[http] name:_Celebrity Anchor #1_>, <Character id:None[http] name:_Nick Mullen_>, <Character id:None[http] name:_Celebrity Anchor #2_>, <Character id:None[http] name:_Celebrity Anchor #3_>, <Character id:None[http] name:_Leon_>, <Character id:None[http] name:_Cesar Rocha_>, [<Character id:[http] name:_Young Man - Wayne_>, <Character id:None[http] name:_..._>], <Character id:None[http] name:_TV Analyst #1_>, <Character id:None[http] name:_Red Network Anchor_>, <Character id:None[http] name:_Blue Network Anchor #2_>, <Character id:None[http] name:_Secret Service In Helicopter_>, <Character id:None[http] name:_Capitol Correspondent #1_>, <Character id:None[http] name:_Capitol Correspondent #2_>, <Character id:None[http] name:_Robert Lyndon_>, <Character id:None[http] name:_Schreier_>, <Character id:None[http] name:_Alexi Lebedev_>, <Character id:None[http] name:_General Tom Myles_>, <Character id:None[http] name:_Uri_>, <Character id:None[http] name:_Lily Whitesell_>, <Character id:None[http] name:_Commission Aide_>, <Character id:None[http] name:_Cityview Anchor_>, <Character id:None[http] name:_Ops Analyst_>, <Character id:None[http] name:_Aubrey_>, <Character id:None[http] name:_Capitol Reporter #1_>, <Character id:None[http] name:_Red Rooster_>, <Character id:None[http] name:_Capitol Reporter #2_>, <Character id:None[http] name:_Journalist #1_>]","""Zero Day"" (The Acolyte) likely refers to the premiere episode. While specifics are limited without seeing the episode itself, we can infer the plot likely involves:

*   **An Investigation Begins:** The episode probably establishes the central mystery that kicks off the series. This involves the investigation of a Jedi Master's death.
*   **Emergence of a Threat:** Viewers are introduced to the emerging dark side threat that the Jedi Order is unaware of during the High Republic era.
*   **Introduction of Characters:** Expect key characters to be introduced, including the former Padawan Mae and her connection to the Jedi Master's death, as well as the Jedi Master Sol and other members of the Jedi Order.
*   **Setting the Stage:** ""Zero Day"" serves as a prologue, establishing the tone, setting, and central conflict that will drive the rest of the series.
"
13918776,The Night Agent,7.5,2023,"[('Gabriel Basso', <Character id:None[http] name:_Peter Sutherland_>), ('Luciane Buchanan', <Character id:None[http] name:_Rose Larkin_>), ('Fola Evans-Akingbola', <Character id:None[http] name:_Chelsea Arrington_>), ('Louis Herthum', <Character id:None[http] name:_Jacob Monroe_>), ('Arienne Mandi', <Character id:None[http] name:_Noor Taheri_>), ('Sarah Desjardins', <Character id:None[http] name:_Maddie Redfield_>), ('Eve Harlow', <Character id:None[http] name:_Ellen_>), ('Berto Colon', <Character id:None[http] name:_Solomon_>), ('Phoenix Raei', <Character id:None[http] name:_Dale_>), ('Keon Alexander', <Character id:None[http] name:_Javad_>), ('Enrique Murciano', <Character id:None[http] name:_Ben Almora_>), ('Michael Malarkey', <Character id:None[http] name:_Markus_>), ('D.B. Woodside', <Character id:None[http] name:_Erik Monks_>), ('Amanda Warren', <Character id:None[http] name:_Catherine Weaver_>), ('Hong Chau', <Character id:None[http] name:_Diane Farr_>), ('Christopher Shyer', [<Character id:[http] name:_Vice President Redfield_>, <Character id:None[http] name:_..._>]), ('Navid Negahban', [<Character id:[http] name:_Abbas Mansuri_>, <Character id:None[http] name:_..._>]), ('Kari Matchett', <Character id:None[http] name:_President Michelle Travers_>), ('Ben Cotton', <Character id:None[http] name:_Wick_>), ('Albert Jones', <Character id:None[http] name:_Aiden Mosley_>), ('Marjan Neshat', [<Character id:[http] name:_Azita Taheri_>, <Character id:None[http] name:_..._>]), ('Anousha', <Character id:None[http] name:_Haleh_>), ('Andre Anthony', [<Character id:[http] name:_Matteo Worley_>, <Character id:None[http] name:_..._>]), ('Kylo Freeman', <Character id:None[http] name:_Dani_>), ('Jessie Liang', <Character id:None[http] name:_Valerie Chen_>), ('Rob Heaps', <Character id:None[http] name:_Tomás Bala_>), ('Toby Levins', <Character id:None[http] name:_Nathan Briggs_>), ('Andres Collantes', <Character id:None[http] name:_Jeff Richards_>), ('Philip Prajoux', <Character id:None[http] name:_David Cullen_>), ('Nico Coucke', <Character id:None[http] name:_Ben_>), ('Elise Kibler', <Character id:None[http] name:_Sloane Killory_>), ('Dikran Tulaine', <Character id:None[http] name:_Viktor Bala_>), ('Marwan Kenzari', <Character id:None[http] name:_Sami Saidi_>), ('Neimah Djourabchi', <Character id:None[http] name:_Hamza_>), ('David Chen', <Character id:None[http] name:_Jeff_>), ('Jefferson Cox', <Character id:None[http] name:_Neil_>), ('Daniel Danca', <Character id:None[http] name:_Elek_>), ('Robert Patrick', <Character id:None[http] name:_Jamie Hawkins_>), ('Jay Karnes', <Character id:None[http] name:_Dr. Wilfred Cole_>), (""Ari'el Stachel"", <Character id:None[http] name:_Artoun_>), ('Curtis Lum', <Character id:None[http] name:_Cisco Jenkins_>), ('Greyston Holt', <Character id:None[http] name:_Paulo Bonetto_>), ('Erin Dilly', <Character id:None[http] name:_Gloria Cole_>), ('Hiro Kanagawa', <Character id:None[http] name:_FBI Director Willett_>), ('Adam Tsekhman', <Character id:None[http] name:_Omar Zadar_>), ('Alex Rose', <Character id:None[http] name:_Liam_>), ('Mershad Torabi', <Character id:None[http] name:_Bijan_>), ('Ruslan Verkhovsky', <Character id:None[http] name:_Goran_>), ('Georgia Waehler', <Character id:None[http] name:_Jesse Cole_>), ('Allan Luna', <Character id:None[http] name:_Alternate Night Agent_>)]","['Gabriel Basso', 'Luciane Buchanan', 'Fola Evans-Akingbola', 'Louis Herthum', 'Arienne Mandi', 'Sarah Desjardins', 'Eve Harlow', 'Berto Colon', 'Phoenix Raei', 'Keon Alexander', 'Enrique Murciano', 'Michael Malarkey', 'D.B. Woodside', 'Amanda Warren', 'Hong Chau', 'Christopher Shyer', 'Navid Negahban', 'Kari Matchett', 'Ben Cotton', 'Albert Jones', 'Marjan Neshat', 'Anousha', 'Andre Anthony', 'Kylo Freeman', 'Jessie Liang', 'Rob Heaps', 'Toby Levins', 'Andres Collantes', 'Philip Prajoux', 'Nico Coucke', 'Elise Kibler', 'Dikran Tulaine', 'Marwan Kenzari', 'Neimah Djourabchi', 'David Chen', 'Jefferson Cox', 'Daniel Danca', 'Robert Patrick', 'Jay Karnes', ""Ari'el Stachel"", 'Curtis Lum', 'Greyston Holt', 'Erin Dilly', 'Hiro Kanagawa', 'Adam Tsekhman', 'Alex Rose', 'Mershad Torabi', 'Ruslan Verkhovsky', 'Georgia Waehler', 'Allan Luna']","[<Character id:None[http] name:_Peter Sutherland_>, <Character id:None[http] name:_Rose Larkin_>, <Character id:None[http] name:_Chelsea Arrington_>, <Character id:None[http] name:_Jacob Monroe_>, <Character id:None[http] name:_Noor Taheri_>, <Character id:None[http] name:_Maddie Redfield_>, <Character id:None[http] name:_Ellen_>, <Character id:None[http] name:_Solomon_>, <Character id:None[http] name:_Dale_>, <Character id:None[http] name:_Javad_>, <Character id:None[http] name:_Ben Almora_>, <Character id:None[http] name:_Markus_>, <Character id:None[http] name:_Erik Monks_>, <Character id:None[http] name:_Catherine Weaver_>, <Character id:None[http] name:_Diane Farr_>, [<Character id:[http] name:_Vice President Redfield_>, <Character id:None[http] name:_..._>], [<Character id:[http] name:_Abbas Mansuri_>, <Character id:None[http] name:_..._>], <Character id:None[http] name:_President Michelle Travers_>, <Character id:None[http] name:_Wick_>, <Character id:None[http] name:_Aiden Mosley_>, [<Character id:[http] name:_Azita Taheri_>, <Character id:None[http] name:_..._>], <Character id:None[http] name:_Haleh_>, [<Character id:[http] name:_Matteo Worley_>, <Character id:None[http] name:_..._>], <Character id:None[http] name:_Dani_>, <Character id:None[http] name:_Valerie Chen_>, <Character id:None[http] name:_Tomás Bala_>, <Character id:None[http] name:_Nathan Briggs_>, <Character id:None[http] name:_Jeff Richards_>, <Character id:None[http] name:_David Cullen_>, <Character id:None[http] name:_Ben_>, <Character id:None[http] name:_Sloane Killory_>, <Character id:None[http] name:_Viktor Bala_>, <Character id:None[http] name:_Sami Saidi_>, <Character id:None[http] name:_Hamza_>, <Character id:None[http] name:_Jeff_>, <Character id:None[http] name:_Neil_>, <Character id:None[http] name:_Elek_>, <Character id:None[http] name:_Jamie Hawkins_>, <Character id:None[http] name:_Dr. Wilfred Cole_>, <Character id:None[http] name:_Artoun_>, <Character id:None[http] name:_Cisco Jenkins_>, <Character id:None[http] name:_Paulo Bonetto_>, <Character id:None[http] name:_Gloria Cole_>, <Character id:None[http] name:_FBI Director Willett_>, <Character id:None[http] name:_Omar Zadar_>, <Character id:None[http] name:_Liam_>, <Character id:None[http] name:_Bijan_>, <Character id:None[http] name:_Goran_>, <Character id:None[http] name:_Jesse Cole_>, <Character id:None[http] name:_Alternate Night Agent_>]","Okay, I can provide a plot summary for ""The Acolyte"" (Star Wars show). However, I can not provide a plot summary for ""The Night Agent,"" as that is not a Star Wars media and not within my current limitations.

**The Acolyte (Star Wars Series):**

Set during the High Republic era, a respected Jedi Master investigates a shocking crime spree. As the investigation deepens, he uncovers a sinister presence, a warrior from his past, and forces them to confront the growing threat of the dark side, revealing that the seemingly peaceful era is more fragile and vulnerable than the Jedi Order believed. The series is a mystery thriller that promises to explore the emergence of the dark side and the secrets lurking beneath the golden age of the Jedi.
"
